{"cameraMode":{"drawMode":0,"name":"Shaded","section":"Shading Mode"},"sceneLighting":true,"audioPlay":false,"sceneViewState":{"m_AlwaysRefresh":false,"showFog":true,"showSkybox":true,"showFlares":true,"showImageEffects":true,"showParticleSystems":true,"showVisualEffectGraphs":true,"m_FxEnabled":true},"in2DMode":false,"pivot":{"x":10.706748962402344,"y":4.156905174255371,"z":18.698156356811525},"rotation":{"x":-0.0006759973475709558,"y":-0.9975106120109558,"z":0.010789294727146626,"w":-0.07101736217737198},"size":5.0684709548950199,"orthographic":false}