{"cameraMode":{"drawMode":0,"name":"Shaded","section":"Shading Mode"},"sceneLighting":true,"audioPlay":false,"sceneViewState":{"m_AlwaysRefresh":false,"showFog":true,"showSkybox":true,"showFlares":true,"showImageEffects":true,"showParticleSystems":true,"showVisualEffectGraphs":true,"m_FxEnabled":true},"in2DMode":false,"pivot":{"x":0.596062183380127,"y":1.847528338432312,"z":1.8842167854309083},"rotation":{"x":0.0341288298368454,"y":0.05661856010556221,"z":0.001990035641938448,"w":-0.9978877305984497},"size":2.775285482406616,"orthographic":false}