{"cameraMode":{"drawMode":0,"name":"Shaded","section":"Shading Mode"},"sceneLighting":true,"audioPlay":false,"sceneViewState":{"m_AlwaysRefresh":false,"showFog":true,"showSkybox":true,"showFlares":true,"showImageEffects":true,"showParticleSystems":true,"showVisualEffectGraphs":true,"m_FxEnabled":true},"in2DMode":false,"pivot":{"x":0.5410000085830689,"y":1.371999979019165,"z":2.877000093460083},"rotation":{"x":-0.0191948339343071,"y":-0.6768467426300049,"z":0.017697317525744439,"w":-0.7357562780380249},"size":3.3636434078216554,"orthographic":true}