{"cameraMode":{"drawMode":0,"name":"Shaded","section":"Shading Mode"},"sceneLighting":true,"audioPlay":false,"sceneViewState":{"m_AlwaysRefresh":false,"showFog":true,"showSkybox":true,"showFlares":true,"showImageEffects":true,"showParticleSystems":true,"showVisualEffectGraphs":true,"m_FxEnabled":true},"in2DMode":false,"pivot":{"x":84.20091247558594,"y":135.19754028320313,"z":-10.291900634765625},"rotation":{"x":0.002710257889702916,"y":-0.0026887033600360157,"z":-0.00020930169557686895,"w":1.0001068115234376},"size":132.01776123046876,"orthographic":true}