{"cameraMode":{"drawMode":0,"name":"Shaded","section":"Shading Mode"},"sceneLighting":true,"audioPlay":false,"sceneViewState":{"m_AlwaysRefresh":false,"showFog":true,"showSkybox":true,"showFlares":true,"showImageEffects":true,"showParticleSystems":true,"showVisualEffectGraphs":true,"m_FxEnabled":true},"in2DMode":false,"pivot":{"x":0.020167261362075807,"y":1.483169674873352,"z":-0.30895039439201357},"rotation":{"x":0.05903857946395874,"y":-0.026655592024326326,"z":-0.0015234093880280853,"w":-0.9979348182678223},"size":2.202448844909668,"orthographic":false}