{"cameraMode":{"drawMode":0,"name":"Shaded","section":"Shading Mode"},"sceneLighting":true,"audioPlay":false,"sceneViewState":{"m_AlwaysRefresh":false,"showFog":true,"showSkybox":true,"showFlares":true,"showImageEffects":true,"showParticleSystems":true,"showVisualEffectGraphs":true,"m_FxEnabled":true},"in2DMode":false,"pivot":{"x":-26.64046859741211,"y":-2.2061033248901369,"z":3.745699882507324},"rotation":{"x":-0.04499094933271408,"y":0.01348438672721386,"z":-0.0006378408288583159,"w":-0.9989193677902222},"size":45.396217346191409,"orthographic":false}