{"cameraMode":{"drawMode":0,"name":"Shaded","section":"Shading Mode"},"sceneLighting":true,"audioPlay":false,"sceneViewState":{"m_AlwaysRefresh":false,"showFog":true,"showSkybox":true,"showFlares":true,"showImageEffects":true,"showParticleSystems":true,"showVisualEffectGraphs":true,"m_FxEnabled":true},"in2DMode":false,"pivot":{"x":-4.546433448791504,"y":12.856389999389649,"z":1.9289371967315674},"rotation":{"x":-0.22311802208423615,"y":0.00933929905295372,"z":-0.002222838345915079,"w":-0.9748081564903259},"size":9.330459594726563,"orthographic":false}