{"cameraMode":{"drawMode":0,"name":"Shaded","section":"Shading Mode"},"sceneLighting":false,"audioPlay":false,"sceneViewState":{"m_AlwaysRefresh":false,"showFog":true,"showSkybox":false,"showFlares":true,"showImageEffects":true,"showParticleSystems":true,"showVisualEffectGraphs":true,"m_FxEnabled":true},"in2DMode":false,"pivot":{"x":1.0000001192092896,"y":1.0734233856201172,"z":11.695073127746582},"rotation":{"x":0.2725074291229248,"y":-0.009816933423280716,"z":0.0027876910753548147,"w":0.962110698223114},"size":1.8101032972335816,"orthographic":false}