{"cameraMode":{"drawMode":0,"name":"Shaded","section":"Shading Mode"},"sceneLighting":false,"audioPlay":false,"sceneViewState":{"m_AlwaysRefresh":false,"showFog":true,"showSkybox":false,"showFlares":true,"showImageEffects":true,"showParticleSystems":true,"showVisualEffectGraphs":true,"m_FxEnabled":true},"in2DMode":false,"pivot":{"x":-1.457781434059143,"y":4.464939117431641,"z":-2.8282556533813478},"rotation":{"x":-0.04109925404191017,"y":0.006587306968867779,"z":-0.00030930229695513844,"w":-0.9991916418075562},"size":6.182682514190674,"orthographic":false}