{"cameraMode":{"drawMode":0,"name":"Shaded","section":"Shading Mode"},"sceneLighting":true,"audioPlay":false,"sceneViewState":{"m_AlwaysRefresh":false,"showFog":true,"showSkybox":true,"showFlares":true,"showImageEffects":true,"showParticleSystems":true,"showVisualEffectGraphs":true,"m_FxEnabled":true},"in2DMode":false,"pivot":{"x":-0.1378333568572998,"y":1.7631787061691285,"z":-0.8895097374916077},"rotation":{"x":-0.554729700088501,"y":-0.006545884534716606,"z":0.004251708742231131,"w":-0.8320807814598084},"size":3.704545021057129,"orthographic":false}