{"cameraMode":{"drawMode":0,"name":"Shaded","section":"Shading Mode"},"sceneLighting":true,"audioPlay":false,"sceneViewState":{"m_AlwaysRefresh":false,"showFog":true,"showSkybox":true,"showFlares":true,"showImageEffects":true,"showParticleSystems":true,"showVisualEffectGraphs":true,"m_FxEnabled":true},"in2DMode":false,"pivot":{"x":-4.288898944854736,"y":16.574054718017579,"z":8.964401245117188},"rotation":{"x":-0.7058486342430115,"y":-0.0070575750432908539,"z":0.006951403804123402,"w":-0.7083773016929627},"size":11.89938735961914,"orthographic":false}