{"cameraMode":{"drawMode":0,"name":"Shaded","section":"Shading Mode"},"sceneLighting":true,"audioPlay":false,"sceneViewState":{"m_AlwaysRefresh":false,"showFog":true,"showSkybox":true,"showFlares":true,"showImageEffects":true,"showParticleSystems":true,"showVisualEffectGraphs":true,"m_FxEnabled":true},"in2DMode":false,"pivot":{"x":-28.21318244934082,"y":18.201923370361329,"z":16.776878356933595},"rotation":{"x":-0.0755351111292839,"y":0.012555798515677452,"z":-0.0009926443453878165,"w":-0.9971174597740173},"size":31.759017944335939,"orthographic":false}